{
    "AnatomicalLandmarkCoordinates": {
        "LPA": [
            200.69177260289018,
            171.23272370259397,
            112.4544442338853
        ],
        "NAS": [
            125.61394145591179,
            145.59474399303028,
            222.899733491296
        ],
        "RPA": [
            52.1658861299624,
            174.77183687615724,
            113.43121904847511
        ]
    }
}
