{
    "AnatomicalLandmarkCoordinates": {
        "LPA": [
            204.2383787673332,
            177.98691742535675,
            117.82149794859424
        ],
        "NAS": [
            127.6347631087616,
            142.8111533917299,
            213.0710459187193
        ],
        "RPA": [
            52.51700646669313,
            166.82349842664658,
            106.08452460336217
        ]
    }
}
