{
    "AnatomicalLandmarkCoordinates": {
        "LPA": [
            200.47814256018253,
            161.09351327924404,
            115.26230385978644
        ],
        "NAS": [
            127.25209029286734,
            153.08462742064597,
            222.4759658605888
        ],
        "RPA": [
            51.809171154572766,
            160.19988834368897,
            120.09184692990428
        ]
    }
}
