{
    "AnatomicalLandmarkCoordinates": {
        "LPA": [
            203.00381261579707,
            175.49314694243498,
            111.88665379973422
        ],
        "NAS": [
            123.57375074240545,
            154.33446772384644,
            216.30044552479012
        ],
        "RPA": [
            50.284188265065055,
            171.2881051171353,
            106.77321000313671
        ]
    }
}
