{
    "AnatomicalLandmarkCoordinates": {
        "LPA": [
            211.07522778553547,
            175.203725191322,
            112.06023365864205
        ],
        "NAS": [
            126.05756715308446,
            148.3053615575504,
            224.43255775260462
        ],
        "RPA": [
            47.281070273264234,
            175.45557502586797,
            118.30729673589241
        ]
    }
}
