{
    "AnatomicalLandmarkCoordinates": {
        "LPA": [
            198.217921515371,
            163.53430667822613,
            104.86764633937416
        ],
        "NAS": [
            121.42074349855717,
            147.2022860724792,
            200.22767832629316
        ],
        "RPA": [
            52.67106957510042,
            169.48024381848597,
            100.04116529320822
        ]
    }
}
