{
    "AnatomicalLandmarkCoordinates": {
        "LPA": [
            200.7156516449564,
            162.72517142961544,
            119.64206023674213
        ],
        "NAS": [
            127.70402057334606,
            143.22011703128862,
            219.83777240780327
        ],
        "RPA": [
            55.40340822223821,
            164.72993969587353,
            112.51943381107293
        ]
    }
}
